Models,ACC,Precision,Recall,F1
LR,97.02698477831838,98.09568480300189,96.26608730874744,97.1722747251726
RN,98.72208218535671,99.83077935508132,97.75744296945483,98.78323317643118
